BLEU score,ROUGE scores,METEOR score,Среднее арифметическое из всех метрик,Оценка качества перевода
0.05926231685454985,"[{'rouge-1': {'r': 0.4935897435897436, 'p': 0.47530864197530864, 'f': 0.4842767245615285}, 'rouge-2': {'r': 0.15979381443298968, 'p': 0.12704918032786885, 'f': 0.1415525064806824}, 'rouge-l': {'r': 0.4423076923076923, 'p': 0.42592592592592593, 'f': 0.43396225915272346}}]",0.37429744390759456,0.29867025019141574,0.39778357152925703
0.05926231685454985,"[{'rouge-1': {'r': 0.4935897435897436, 'p': 0.47530864197530864, 'f': 0.4842767245615285}, 'rouge-2': {'r': 0.15979381443298968, 'p': 0.12704918032786885, 'f': 0.1415525064806824}, 'rouge-l': {'r': 0.4423076923076923, 'p': 0.42592592592592593, 'f': 0.43396225915272346}}]",0.37429744390759456,0.29867025019141574,0.39778357152925703
