BLEU score,ROUGE scores,METEOR score,Среднее арифметическое из всех метрик,Оценка качества перевода
0.06362597943179636,"[{'rouge-1': {'r': 0.39226519337016574, 'p': 0.4011299435028249, 'f': 0.3966480396933617}, 'rouge-2': {'r': 0.16666666666666666, 'p': 0.1450381679389313, 'f': 0.1551020358404}, 'rouge-l': {'r': 0.3812154696132597, 'p': 0.3898305084745763, 'f': 0.38547485533581977}}]",0.3178482971458299,0.2637398414894415,0.3318259366481925
