BLEU score,ROUGE scores,METEOR score,Среднее арифметическое из всех метрик,Оценка качества перевода
0.33584019180515906,"[{'rouge-1': {'r': 0.7619047619047619, 'p': 0.7777777777777778, 'f': 0.7697594451723528}, 'rouge-2': {'r': 0.5598455598455598, 'p': 0.5753968253968254, 'f': 0.5675146721046564}, 'rouge-l': {'r': 0.7346938775510204, 'p': 0.75, 'f': 0.742268036237645}}]",0.6620175795337965,0.615479984970722,0.6398788482434916
0.33584019180515906,"[{'rouge-1': {'r': 0.7619047619047619, 'p': 0.7777777777777778, 'f': 0.7697594451723528}, 'rouge-2': {'r': 0.5598455598455598, 'p': 0.5753968253968254, 'f': 0.5675146721046564}, 'rouge-l': {'r': 0.7346938775510204, 'p': 0.75, 'f': 0.742268036237645}}]",0.6620175795337965,0.615479984970722,0.6398788482434916
