BLEU score,ROUGE scores,METEOR score,Среднее арифметическое из всех метрик,Оценка качества перевода
0.2515361017579002,"[{'rouge-1': {'r': 0.813953488372093, 'p': 0.8015267175572519, 'f': 0.8076923026926036}, 'rouge-2': {'r': 0.5497835497835498, 'p': 0.49609375, 'f': 0.5215605699618415}, 'rouge-l': {'r': 0.7829457364341085, 'p': 0.7709923664122137, 'f': 0.7769230719233727}}]",0.6493651934546939,0.6014154479580824,0.5681936994650296
0.2515361017579002,"[{'rouge-1': {'r': 0.813953488372093, 'p': 0.8015267175572519, 'f': 0.8076923026926036}, 'rouge-2': {'r': 0.5497835497835498, 'p': 0.49609375, 'f': 0.5215605699618415}, 'rouge-l': {'r': 0.7829457364341085, 'p': 0.7709923664122137, 'f': 0.7769230719233727}}]",0.6493651934546939,0.6014154479580824,0.6410465742723945
